{"visual_settings": {"background_image_path": "fondo.png", "action_button_color": [0.7764705882352941, 0.1568627450980392, 0.1568627450980392, 1.0], "small_button_color": [1.0, 0.596078431372549, 0.0, 1.0], "confirm_button_color": [0.2, 0.65, 0.3, 1], "cancel_button_color": [0.85, 0.25, 0.25, 1], "exit_button_color": [0.85, 0.25, 0.25, 1], "theme_background_color": [0.07, 0.07, 0.1, 1]}}