{"theme_settings": {"config": {"app_background_value_image": "fondo.png", "MyActionButton_rgb": [0.25, 0.45, 0.65], "MySmallActionButton_rgb": [0.3, 0.6, 0.4], "button_opacity": 0.6965100221761162, "MyActionButton_rgba": [0.25, 0.45, 0.65, 0.6965100221761162], "MySmallActionButton_rgba": [0.3, 0.6, 0.4, 0.6965100221761162], "product_list_bg_base_color_rgb": [0.12, 0.13, 0.15], "product_list_bg_opacity": 0.602752795919301, "product_list_bg_rgba": [0.12, 0.13, 0.15, 0.602752795919301], "card_background_opacity": 0.5966803989117017, "ProductCard_bg_normal_rgb": [0.22, 0.24, 0.27], "ProductCard_bg_selected_rgb": [0.35, 0.55, 0.8], "ProductCard_border_normal_rgba": [0.32, 0.34, 0.37, 1.0], "ProductCard_border_selected_rgba": [0.5, 0.7, 0.95, 1.0], "ProductCard_DeleteButton_rgba": [0.85, 0.25, 0.25, 1.0], "SelectableProductRow_normal_rgb": [0.22, 0.24, 0.27], "SelectableProductRow_selected_rgb": [0.35, 0.55, 0.8], "SelectableProductRow_normal_rgba": [0.22, 0.24, 0.27, 0.5966803989117017], "SelectableProductRow_selected_rgba": [0.35, 0.55, 0.8, 0.5966803989117017], "SelectableProductRow_border_color_normal": [0.32, 0.34, 0.37, 1.0], "SelectableProductRow_border_color_selected": [0.5, 0.7, 0.95, 1.0], "settings_screen_bg_base_color_rgb": [0.12, 0.13, 0.15], "settings_screen_bg_opacity": 0.8096573845027022, "SettingsScreen_bg_rgba": [0.12, 0.13, 0.15, 0.9669473940041261], "MyTitleLabel_color": [0.9, 0.9, 0.95, 1.0], "MyHeaderLabel_color": [0.85, 0.85, 0.9, 1.0], "MyInputLabel_color": [0.85, 0.85, 0.9, 1.0], "ExitButton_rgba": [0.85, 0.25, 0.25, 1.0], "Popup_Accept_Button_rgba": [0.2, 0.65, 0.3, 1.0], "Popup_Cancel_Button_rgba": [0.85, 0.25, 0.25, 1.0], "Popup_bg_rgba": [0.12, 0.12, 0.15, 0.97], "Popup_separator_color": [0.3, 0.3, 0.3, 1.0], "ViewProducts_text_color": [0.9, 0.9, 0.92, 1.0], "CartItems_text_color": [0.92, 0.92, 0.95, 1.0], "CartItemCard_bg_rgb": [0.2, 0.22, 0.25], "CartItemCard_bg_rgba": [0.2, 0.22, 0.25, 0.5966803989117017], "History_text_color": [0.9, 0.9, 0.95, 1.0], "History_total_text_color": [0.85, 0.85, 0.3, 1.0], "History_entry_bg_rgba": [0.18, 0.2, 0.23, 0.75], "ProductCard_bg_normal_rgba": [0.22, 0.24, 0.27, 0.5966803989117017], "ProductCard_bg_selected_rgba": [0.35, 0.55, 0.8, 0.5966803989117017]}}}